{
  "properties": {
    "connectionReferences": {
      "shared_sharepointonline": {
        "runtimeSource": "invoker",
        "connection": {
          "connectionReferenceLogicalName": "tisqda_sharedsharepointonline_320ad"
        },
        "api": {
          "name": "shared_sharepointonline"
        }
      },
      "shared_office365": {
        "runtimeSource": "invoker",
        "connection": {
          "connectionReferenceLogicalName": "tisqda_sharedoffice365_355e7"
        },
        "api": {
          "name": "shared_office365"
        }
      }
    },
    "definition": {
      "$schema": "https://schema.management.azure.com/providers/Microsoft.Logic/schemas/2016-06-01/workflowdefinition.json#",
      "contentVersion": "1.0.0.0",
      "parameters": {
        "$connections": {
          "defaultValue": {},
          "type": "Object"
        },
        "$authentication": {
          "defaultValue": {},
          "type": "SecureObject"
        }
      },
      "triggers": {
        "manual": {
          "metadata": {
            "operationMetadataId": "39c982b2-6e05-4c8f-8a40-11e1c331785f"
          },
          "type": "Request",
          "kind": "Button",
          "inputs": {
            "schema": {
              "type": "object",
              "properties": {
                "text": {
                  "title": "SharePointSiteAddress",
                  "type": "string",
                  "x-ms-dynamically-added": true,
                  "description": "https://s4xpq.sharepoint.com/sites/RexDemoApplication",
                  "x-ms-content-hint": "TEXT"
                }
              },
              "required": [
                "text"
              ]
            }
          }
        }
      },
      "actions": {
        "Initialize_Workflow_Error_Result": {
          "runAfter": {},
          "metadata": {
            "operationMetadataId": "9ef1d9b0-2b6b-4dac-a04e-dc70e7f8676e"
          },
          "type": "InitializeVariable",
          "inputs": {
            "variables": [
              {
                "name": "Error_Result",
                "type": "array"
              }
            ]
          },
          "description": "?modern=true"
        },
        "ScopePreCheck": {
          "actions": {
            "Send_an_HTTP_request_to_SharePoint": {
              "runAfter": {
                "Compose": [
                  "Succeeded"
                ]
              },
              "metadata": {
                "operationMetadataId": "e0383f68-56cf-45eb-8a6e-37f65929003a"
              },
              "type": "OpenApiConnection",
              "inputs": {
                "host": {
                  "connectionName": "shared_sharepointonline",
                  "operationId": "HttpRequest",
                  "apiId": "/providers/Microsoft.PowerApps/apis/shared_sharepointonline"
                },
                "parameters": {
                  "dataset": "@outputs('Compose')",
                  "parameters/method": "GET",
                  "parameters/uri": "/_api/web?$select=Title,Url,Id"
                },
                "authentication": {
                  "type": "Raw",
                  "value": "@json(decodeBase64(triggerOutputs().headers['X-MS-APIM-Tokens']))['$ConnectionKey']"
                }
              }
            },
            "Compose": {
              "runAfter": {},
              "metadata": {
                "operationMetadataId": "7d22b307-b45e-40d7-ae20-58ded60059ad"
              },
              "type": "Compose",
              "inputs": "@triggerBody()['text']"
            }
          },
          "runAfter": {
            "Initialize_variable_2": [
              "Succeeded"
            ]
          },
          "metadata": {
            "operationMetadataId": "593f0dc9-a59b-4312-8a85-8f2e24e46d3a"
          },
          "type": "Scope"
        },
        "Initialize_variable_2": {
          "runAfter": {
            "Initialize_Workflow_Error_Result": [
              "Succeeded"
            ]
          },
          "metadata": {
            "operationMetadataId": "6c6e0601-b314-471b-8fdd-8c517011f4f1"
          },
          "type": "InitializeVariable",
          "inputs": {
            "variables": [
              {
                "name": "ScopeName",
                "type": "string"
              }
            ]
          }
        },
        "ScopePreCheck_2": {
          "actions": {
            "Send_an_HTTP_request_to_SharePoint_2": {
              "runAfter": {
                "Compose_5": [
                  "Succeeded"
                ]
              },
              "metadata": {
                "operationMetadataId": "e0383f68-56cf-45eb-8a6e-37f65929003a"
              },
              "type": "OpenApiConnection",
              "inputs": {
                "host": {
                  "connectionName": "shared_sharepointonline",
                  "operationId": "HttpRequest",
                  "apiId": "/providers/Microsoft.PowerApps/apis/shared_sharepointonline"
                },
                "parameters": {
                  "dataset": "@outputs('Compose_5')",
                  "parameters/method": "GET",
                  "parameters/uri": "/_api/web?$select=Title,Url,Id"
                },
                "authentication": {
                  "type": "Raw",
                  "value": "@json(decodeBase64(triggerOutputs().headers['X-MS-APIM-Tokens']))['$ConnectionKey']"
                }
              }
            },
            "Set_variable_2": {
              "runAfter": {},
              "metadata": {
                "operationMetadataId": "44de24d8-a06a-4db9-a4ae-2f2b9101461c"
              },
              "type": "SetVariable",
              "inputs": {
                "name": "ScopeName",
                "value": "ScopePreCheck"
              }
            },
            "Compose_5": {
              "runAfter": {
                "Set_variable_2": [
                  "Succeeded"
                ]
              },
              "metadata": {
                "operationMetadataId": "7d22b307-b45e-40d7-ae20-58ded60059ad"
              },
              "type": "Compose",
              "inputs": "@triggerBody()['text']"
            },
            "Append_ScopePreCheck1_Successed_to_array_variable": {
              "runAfter": {
                "Send_an_HTTP_request_to_SharePoint_2": [
                  "Succeeded"
                ]
              },
              "metadata": {
                "operationMetadataId": "7f01abff-f8ab-4f8f-9e33-75c27bb5eb80"
              },
              "type": "AppendToArrayVariable",
              "inputs": {
                "name": "Error_Result",
                "value": {
                  "UUID": "@workflow()?['run']?['name']",
                  "flowDisplayName": "@workflow()?['tags']?['flowDisplayName']",
                  "environmentName": "@workflow()?['tags']?['environmentName']",
                  "TYPE": "S",
                  "MESSAGE": "Pre-check SharePoint Successed!",
                  "SCOPE_NAME": "@variables('ScopeName')",
                  "STEP_NAME": "",
                  "TIME": "@{utcNow()}"
                }
              }
            },
            "Append_ScopePreCheck1_Errored_to_array_variable": {
              "runAfter": {
                "Send_an_HTTP_request_to_SharePoint_2": [
                  "TimedOut",
                  "Skipped",
                  "Failed"
                ]
              },
              "metadata": {
                "operationMetadataId": "3c807176-2dd4-4cf7-a01e-4e833fc10b84"
              },
              "type": "AppendToArrayVariable",
              "inputs": {
                "name": "Error_Result",
                "value": {
                  "UUID": "@workflow()?['run']?['name']",
                  "flowDisplayName": "@workflow()?['tags']?['flowDisplayName']",
                  "environmentName": "@workflow()?['tags']?['environmentName']",
                  "TYPE": "E",
                  "MESSAGE": "",
                  "SCOPE_NAME": "",
                  "STEP_NAME": "",
                  "TIME": "@{utcNow()}"
                }
              }
            }
          },
          "runAfter": {
            "Initialize_variable_2": [
              "TimedOut",
              "Skipped",
              "Failed"
            ]
          },
          "metadata": {
            "operationMetadataId": "a5216f04-a458-43bb-bf0a-aa2701d42221"
          },
          "type": "Scope"
        },
        "GetSingleScopePreCheckError": {
          "actions": {
            "GetScopeCheckResult": {
              "runAfter": {},
              "metadata": {
                "operationMetadataId": "8a2693a5-69d1-4293-9c69-2ce7a3778aae"
              },
              "type": "Compose",
              "inputs": "@result('ScopePreCheck')"
            },
            "Filter_ScopeCheck_Error_Result_array": {
              "runAfter": {
                "GetScopeCheckResult": [
                  "Succeeded"
                ]
              },
              "metadata": {
                "operationMetadataId": "0d1f0ce0-5ce2-4b08-a04c-ec3b86657fe4"
              },
              "type": "Query",
              "inputs": {
                "from": "@outputs('GetScopeCheckResult')",
                "where": "@equals(item()?['status'],'Failed')"
              }
            },
            "Condition": {
              "actions": {
                "Append_ScopePreCheck_Successed_to_array_variable": {
                  "runAfter": {},
                  "metadata": {
                    "operationMetadataId": "7f01abff-f8ab-4f8f-9e33-75c27bb5eb80"
                  },
                  "type": "AppendToArrayVariable",
                  "inputs": {
                    "name": "Error_Result",
                    "value": {
                      "UUID": "@workflow()?['run']?['name']",
                      "flowDisplayName": "@workflow()?['tags']?['flowDisplayName']",
                      "environmentName": "@workflow()?['tags']?['environmentName']",
                      "TYPE": "S",
                      "MESSAGE": "Pre-check SharePoint Successed!",
                      "SCOPE_NAME": "ScopePreCheck",
                      "STEP_NAME": "",
                      "TIME": "@{utcNow()}"
                    }
                  }
                }
              },
              "runAfter": {
                "Filter_ScopeCheck_Error_Result_array": [
                  "Succeeded"
                ]
              },
              "else": {
                "actions": {
                  "Apply_to_each": {
                    "foreach": "@body('Filter_ScopeCheck_Error_Result_array')",
                    "actions": {
                      "Parse_JSON_2": {
                        "runAfter": {},
                        "metadata": {
                          "operationMetadataId": "92e8c6a4-0448-44e0-ba6e-a03f1a248bfc"
                        },
                        "type": "ParseJson",
                        "inputs": {
                          "content": "@items('Apply_to_each')",
                          "schema": {
                            "type": "object",
                            "properties": {
                              "name": {
                                "type": "string"
                              },
                              "outputs": {
                                "type": "object",
                                "properties": {
                                  "statusCode": {
                                    "type": "integer"
                                  },
                                  "body": {
                                    "type": "object",
                                    "properties": {
                                      "status": {
                                        "type": "integer"
                                      },
                                      "message": {
                                        "type": "string"
                                      },
                                      "source": {
                                        "type": "string"
                                      },
                                      "errors": {
                                        "type": "array"
                                      }
                                    }
                                  }
                                }
                              },
                              "startTime": {
                                "type": "string"
                              },
                              "endTime": {
                                "type": "string"
                              },
                              "trackingId": {
                                "type": "string"
                              },
                              "clientTrackingId": {
                                "type": "string"
                              },
                              "clientKeywords": {
                                "type": "array",
                                "items": {
                                  "type": "string"
                                }
                              },
                              "code": {
                                "type": "string"
                              },
                              "status": {
                                "type": "string"
                              }
                            }
                          }
                        }
                      },
                      "Append_ScopePreCheck_Errored_to_array_variable": {
                        "runAfter": {
                          "Parse_JSON_2": [
                            "Succeeded"
                          ]
                        },
                        "metadata": {
                          "operationMetadataId": "3c807176-2dd4-4cf7-a01e-4e833fc10b84"
                        },
                        "type": "AppendToArrayVariable",
                        "inputs": {
                          "name": "Error_Result",
                          "value": {
                            "UUID": "@workflow()?['run']?['name']",
                            "flowDisplayName": "@workflow()?['tags']?['flowDisplayName']",
                            "environmentName": "@workflow()?['tags']?['environmentName']",
                            "TYPE": "E",
                            "MESSAGE": "@body('Parse_JSON_2')?['outputs']?['body']?['message']",
                            "SCOPE_NAME": "ScopePreCheck",
                            "STEP_NAME": "@body('Parse_JSON_2')?['name']",
                            "TIME": "@{utcNow()}"
                          }
                        }
                      }
                    },
                    "runAfter": {},
                    "metadata": {
                      "operationMetadataId": "7ca771a8-0fa2-451c-b6c6-60f33afd5033"
                    },
                    "type": "Foreach"
                  }
                }
              },
              "expression": {
                "and": [
                  {
                    "equals": [
                      "@empty(body('Filter_ScopeCheck_Error_Result_array'))",
                      true
                    ]
                  }
                ]
              },
              "metadata": {
                "operationMetadataId": "8e9f4bba-1d0d-47b6-97f9-b00ba72d99d3"
              },
              "type": "If"
            }
          },
          "runAfter": {
            "ScopePreCheck": [
              "TimedOut",
              "Skipped",
              "Failed"
            ]
          },
          "metadata": {
            "operationMetadataId": "f3c4bfea-3e8f-4601-97d2-024846bc9f17"
          },
          "type": "Scope"
        },
        "Filter_array": {
          "runAfter": {
            "GetSingleScopePreCheckError": [
              "Succeeded",
              "TimedOut",
              "Skipped",
              "Failed"
            ],
            "ScopePreCheck_2": [
              "Succeeded",
              "TimedOut",
              "Skipped",
              "Failed"
            ]
          },
          "metadata": {
            "operationMetadataId": "b70d1351-6d4d-4b3f-a07c-14d7b05ce55f"
          },
          "type": "Query",
          "inputs": {
            "from": "@variables('Error_Result')",
            "where": "@equals(item()?['TYPE'],'E')"
          }
        },
        "Condition_1": {
          "actions": {
            "Parse_JSON_1": {
              "runAfter": {},
              "metadata": {
                "operationMetadataId": "6f340313-2f0d-4882-bb15-8a9a6a39896d"
              },
              "type": "ParseJson",
              "inputs": {
                "content": "@first(variables('Error_Result'))",
                "schema": {
                  "type": "object",
                  "properties": {
                    "UUID": {
                      "type": "string"
                    },
                    "flowDisplayName": {
                      "type": "string"
                    },
                    "environmentName": {
                      "type": "string"
                    },
                    "TYPE": {
                      "type": "string"
                    },
                    "MESSAGE": {
                      "type": "string"
                    },
                    "SCOPE_NAME": {
                      "type": "string"
                    },
                    "STEP_NAME": {
                      "type": "string"
                    },
                    "TIME": {
                      "type": "string"
                    }
                  }
                }
              }
            }
          },
          "runAfter": {
            "Filter_array": [
              "Succeeded"
            ]
          },
          "else": {
            "actions": {
              "For_each": {
                "foreach": "@outputs('Filter_array')['body']",
                "actions": {
                  "Parse_JSON": {
                    "runAfter": {},
                    "metadata": {
                      "operationMetadataId": "6f340313-2f0d-4882-bb15-8a9a6a39896d"
                    },
                    "type": "ParseJson",
                    "inputs": {
                      "content": "@items('For_each')",
                      "schema": {
                        "type": "object",
                        "properties": {
                          "UUID": {
                            "type": "string"
                          },
                          "flowDisplayName": {
                            "type": "string"
                          },
                          "environmentName": {
                            "type": "string"
                          },
                          "TYPE": {
                            "type": "string"
                          },
                          "MESSAGE": {
                            "type": "string"
                          },
                          "SCOPE_NAME": {
                            "type": "string"
                          },
                          "STEP_NAME": {
                            "type": "string"
                          },
                          "TIME": {
                            "type": "string"
                          }
                        }
                      }
                    }
                  }
                },
                "runAfter": {},
                "metadata": {
                  "operationMetadataId": "5b1f4af3-bc50-4288-99b8-e187f19bda70"
                },
                "type": "Foreach"
              },
              "Create_Error_msg_to_HTML_table": {
                "runAfter": {
                  "For_each": [
                    "Succeeded"
                  ]
                },
                "metadata": {
                  "operationMetadataId": "38febe82-fc3b-4ca5-87e8-86071475dca7"
                },
                "type": "Table",
                "inputs": {
                  "from": "@variables('Error_Result')",
                  "format": "HTML"
                }
              },
              "Send_an_email_(V2)": {
                "runAfter": {
                  "Adjust_Html_Table": [
                    "Succeeded"
                  ]
                },
                "metadata": {
                  "operationMetadataId": "0eac371d-c992-481d-8f00-07eecd3d3659"
                },
                "type": "OpenApiConnection",
                "inputs": {
                  "host": {
                    "connectionName": "shared_office365",
                    "operationId": "SendEmailV2",
                    "apiId": "/providers/Microsoft.PowerApps/apis/shared_office365"
                  },
                  "parameters": {
                    "emailMessage/To": "Rex.Sun@trelleborg.com",
                    "emailMessage/Subject": "test",
                    "emailMessage/Body": "<p class=\"editor-paragraph\">@{outputs('Adjust_Html_Table')}</p>",
                    "emailMessage/Importance": "Normal"
                  },
                  "authentication": {
                    "type": "Raw",
                    "value": "@json(decodeBase64(triggerOutputs().headers['X-MS-APIM-Tokens']))['$ConnectionKey']"
                  }
                }
              },
              "Adjust_Html_Table": {
                "runAfter": {
                  "Create_Error_msg_to_HTML_table": [
                    "Succeeded"
                  ]
                },
                "metadata": {
                  "operationMetadataId": "6b829959-7e04-4303-a42a-553bfa4b7eea"
                },
                "type": "Compose",
                "inputs": "@concat(\r\n  '<div style=\"overflow-x: auto; max-width: 100%;\"><style>table{width:100%;border-collapse:collapse;}th,td{border:1px solid #000;padding:8px;word-break:break-all;}</style>',\r\n  body('Create_Error_msg_to_HTML_table'),\r\n  '</div>'\r\n)"
              }
            }
          },
          "expression": {
            "and": [
              {
                "equals": [
                  "@empty(body('Filter_array'))",
                  true
                ]
              }
            ]
          },
          "metadata": {
            "operationMetadataId": "902a9eb9-0062-4192-a099-32b4ccd66c39"
          },
          "type": "If"
        }
      }
    },
    "templateName": ""
  },
  "schemaVersion": "1.0.0.0"
}